"type","handle","platform","name","tier","followers","audience","contact","contactMethod","source","sourceAgency","er","posts","rate","avgViews","avgGmv","gpm","retention","fee","commission","paymentTerms","proofLink","adCode","notes","stage"
"ugc","@Iamhermankeh","Instagram","Herman Keh","Macro (Artiste)","241K","","","","https://docs.google.com/spreadsheets/d/1pNmd1wba9T3w0Onr8n3FFChbZSkC26s6CbOeIJaN4H8/edit?gid=1637552653","Artiste & Bloomrs","","","","","","","","","","","","","Bloomrs/Artiste rate sheet; listed rate unverified, confirm before quoting. Platform assumed Instagram, no profile URL in source. Source also shows 16.3K followers for this handle -- conflicts with 241K, verify.","sourced"
"ugc","@Yangkuangkele","Instagram","Yangguang Ke Le","Micro (Artiste)","68K","","","","https://docs.google.com/spreadsheets/d/1pNmd1wba9T3w0Onr8n3FFChbZSkC26s6CbOeIJaN4H8/edit?gid=1637552653","Artiste & Bloomrs","","","","","","","","","","","","","Bloomrs/Artiste rate sheet; listed rate unverified, confirm before quoting. Platform assumed Instagram, no profile URL in source. Source also shows handle @yangguangkele3883 at 42K followers -- possible alternate handle, verify.","sourced"
"ugc","@germaineleonora","Instagram","Germaine","Micro (Artiste)","26K","","","","https://docs.google.com/spreadsheets/d/1pNmd1wba9T3w0Onr8n3FFChbZSkC26s6CbOeIJaN4H8/edit?gid=1637552653","Artiste & Bloomrs","","","","","","","","","","","","","Bloomrs/Artiste rate sheet; listed rate unverified, confirm before quoting. Platform assumed Instagram, no profile URL in source.","sourced"
"ugc","@hazelleteo","Instagram","Hazelle Teo","Micro (Artiste)","68K","","","","https://docs.google.com/spreadsheets/d/1pNmd1wba9T3w0Onr8n3FFChbZSkC26s6CbOeIJaN4H8/edit?gid=1637552653","Artiste & Bloomrs","","","","","","","","","","","","","Bloomrs/Artiste rate sheet; listed rate unverified, confirm before quoting. Platform assumed Instagram, no profile URL in source. Source also shows handle @heyhihazelle at 68K followers -- possible alternate handle for the same person, verify.","sourced"
"ugc","@desmondngzl","Instagram","Desmond Ng","Micro (Artiste)","45.5K","","","","https://docs.google.com/spreadsheets/d/1pNmd1wba9T3w0Onr8n3FFChbZSkC26s6CbOeIJaN4H8/edit?gid=1637552653","Artiste & Bloomrs","","","","","","","","","","","","","Bloomrs/Artiste rate sheet; listed rate unverified, confirm before quoting. Platform assumed Instagram, no profile URL in source.","sourced"
"ugc","@richiekrq","Instagram","Richie Koh","Micro (Artiste)","55.3K","","","","https://docs.google.com/spreadsheets/d/1pNmd1wba9T3w0Onr8n3FFChbZSkC26s6CbOeIJaN4H8/edit?gid=1637552653","Artiste & Bloomrs","","","","","","","","","","","","","Bloomrs/Artiste rate sheet; listed rate unverified, confirm before quoting. Platform assumed Instagram, no profile URL in source.","sourced"
"ugc","@tylertennn","Instagram","Tyler Ten","Micro (Artiste)","16.8K","","","","https://docs.google.com/spreadsheets/d/1pNmd1wba9T3w0Onr8n3FFChbZSkC26s6CbOeIJaN4H8/edit?gid=1637552653","Artiste & Bloomrs","","","","","","","","","","","","","Bloomrs/Artiste rate sheet; listed rate unverified, confirm before quoting. Platform assumed Instagram, no profile URL in source.","sourced"
"ugc","@iamtiffanie","Instagram","Tiffanie","Macro (Artiste)","225K","","","","https://docs.google.com/spreadsheets/d/1pNmd1wba9T3w0Onr8n3FFChbZSkC26s6CbOeIJaN4H8/edit?gid=1637552653","Artiste & Bloomrs","","","","","","","","","","","","","Bloomrs/Artiste rate sheet; listed rate unverified, confirm before quoting. Source rows list this name against @iammichy and 'Michy' against @iamtiffanie -- corrected here since each handle's text matches the other row's name; verify directly.","sourced"
"ugc","@iammichy","Instagram","Michy","Macro (Artiste)","229K","","","","https://docs.google.com/spreadsheets/d/1pNmd1wba9T3w0Onr8n3FFChbZSkC26s6CbOeIJaN4H8/edit?gid=1637552653","Artiste & Bloomrs","","","","","","","","","","","","","Bloomrs/Artiste rate sheet; listed rate unverified, confirm before quoting. See Tiffanie's note -- handle/name pairing corrected from source, verify directly.","sourced"
"ugc","@skyearthy","Instagram","Allison","Nano (Artiste)","1372","","","","https://docs.google.com/spreadsheets/d/1pNmd1wba9T3w0Onr8n3FFChbZSkC26s6CbOeIJaN4H8/edit?gid=1637552653","Artiste & Bloomrs","","","","","","","","","","","","","Bloomrs/Artiste rate sheet; listed rate unverified, confirm before quoting.","sourced"
"ugc","@simplyshow","Instagram","Angelyn","Nano (Artiste)","6471","","","","https://docs.google.com/spreadsheets/d/1pNmd1wba9T3w0Onr8n3FFChbZSkC26s6CbOeIJaN4H8/edit?gid=1637552653","Artiste & Bloomrs","","","","","","","","","","","","","Bloomrs/Artiste rate sheet; listed rate unverified, confirm before quoting.","sourced"
"ugc","@benyeo23","Instagram","Ben Yeo","Micro (Artiste)","92K","","","","https://docs.google.com/spreadsheets/d/1pNmd1wba9T3w0Onr8n3FFChbZSkC26s6CbOeIJaN4H8/edit?gid=1637552653","Artiste & Bloomrs","","","","","","","","","","","","","Bloomrs/Artiste rate sheet; listed rate unverified, confirm before quoting.","sourced"
"ugc","@thedesmondtan","Instagram","Desmond Tan","Macro (Artiste)","231K","","","","https://docs.google.com/spreadsheets/d/1pNmd1wba9T3w0Onr8n3FFChbZSkC26s6CbOeIJaN4H8/edit?gid=1637552653","Artiste & Bloomrs","","","","","","","","","","","","","Bloomrs/Artiste rate sheet; listed rate unverified, confirm before quoting.","sourced"
"ugc","@elvinngchoonsiong","Instagram","Elvin Ng","Macro (Artiste)","319K","","","","https://docs.google.com/spreadsheets/d/1pNmd1wba9T3w0Onr8n3FFChbZSkC26s6CbOeIJaN4H8/edit?gid=1637552653","Artiste & Bloomrs","","","","","","","","","","","","","Bloomrs/Artiste rate sheet; listed rate unverified, confirm before quoting.","sourced"
"ugc","@edwinsiu","Instagram","Edwin","Macro (Artiste)","429K","","","","https://docs.google.com/spreadsheets/d/1pNmd1wba9T3w0Onr8n3FFChbZSkC26s6CbOeIJaN4H8/edit?gid=1637552653","Artiste & Bloomrs","","","","","","","","","","","","","Bloomrs/Artiste rate sheet; listed rate unverified, confirm before quoting.","sourced"
"ugc","@zetongteoh","Instagram","Zhang Ze Tong","Micro (Artiste)","28K","","","","https://docs.google.com/spreadsheets/d/1pNmd1wba9T3w0Onr8n3FFChbZSkC26s6CbOeIJaN4H8/edit?gid=1637552653","Artiste & Bloomrs","","","","","","","","","","","","","Bloomrs/Artiste rate sheet; listed rate unverified, confirm before quoting.","sourced"
"ugc","@bentanzx","Instagram","Benjamin Tan","Micro (Artiste)","72K","","","","https://docs.google.com/spreadsheets/d/1pNmd1wba9T3w0Onr8n3FFChbZSkC26s6CbOeIJaN4H8/edit?gid=1637552653","Artiste & Bloomrs","","","","","","","","","","","","","Bloomrs/Artiste rate sheet; listed rate unverified, confirm before quoting.","sourced"
"ugc","@aydenzs","Instagram","Ayden Sng","Macro (Artiste)","114K","","","","https://docs.google.com/spreadsheets/d/1pNmd1wba9T3w0Onr8n3FFChbZSkC26s6CbOeIJaN4H8/edit?gid=1637552653","Artiste & Bloomrs","","","","","","","","","","","","","Bloomrs/Artiste rate sheet; listed rate unverified, confirm before quoting. Source also shows 109K followers for this handle.","sourced"
"ugc","@nickk_teo","Instagram","Nick Teo","Micro (Artiste)","61K","","","","https://docs.google.com/spreadsheets/d/1pNmd1wba9T3w0Onr8n3FFChbZSkC26s6CbOeIJaN4H8/edit?gid=1637552653","Artiste & Bloomrs","","","","","","","","","","","","","Bloomrs/Artiste rate sheet; listed rate unverified, confirm before quoting.","sourced"
"ugc","@chantalleng","Instagram","Chantalle","Macro (Artiste)","106K","","","","https://docs.google.com/spreadsheets/d/1pNmd1wba9T3w0Onr8n3FFChbZSkC26s6CbOeIJaN4H8/edit?gid=1637552653","Artiste & Bloomrs","","","","","","","","","","","","","Bloomrs/Artiste rate sheet; listed rate unverified, confirm before quoting.","sourced"
"ugc","@paigechua_","Instagram","Paige Chua","Macro (Artiste)","128K","","","","https://docs.google.com/spreadsheets/d/1pNmd1wba9T3w0Onr8n3FFChbZSkC26s6CbOeIJaN4H8/edit?gid=1637552653","Artiste & Bloomrs","","","","","","","","","","","","","Bloomrs/Artiste rate sheet; listed rate unverified, confirm before quoting. Source also shows handle @paigechua_tpc with the same followers/rate -- possible renamed handle, verify.","sourced"
"ugc","@yahuiyh","Instagram","Ya Hui","Macro (Artiste)","208K","","","","https://docs.google.com/spreadsheets/d/1pNmd1wba9T3w0Onr8n3FFChbZSkC26s6CbOeIJaN4H8/edit?gid=1637552653","Artiste & Bloomrs","","","","","","","","","","","","","Bloomrs/Artiste rate sheet; listed rate unverified, confirm before quoting.","sourced"
"ugc","@hereisyingying","Instagram","Ying Ying","Macro (Artiste)","134K","","","","https://docs.google.com/spreadsheets/d/1pNmd1wba9T3w0Onr8n3FFChbZSkC26s6CbOeIJaN4H8/edit?gid=1637552653","Artiste & Bloomrs","","","","","","","","","","","","","Bloomrs/Artiste rate sheet; listed rate unverified, confirm before quoting.","sourced"
"ugc","@bonnieloo94","Instagram","Bonnie Loo","Macro (Artiste)","169K","","","","https://docs.google.com/spreadsheets/d/1pNmd1wba9T3w0Onr8n3FFChbZSkC26s6CbOeIJaN4H8/edit?gid=1637552653","Artiste & Bloomrs","","","","","","","","","","","","","Bloomrs/Artiste rate sheet; listed rate unverified, confirm before quoting.","sourced"
"ugc","@honglingg_","Instagram","Hong Ling","Macro (Artiste)","176K","","","","https://docs.google.com/spreadsheets/d/1pNmd1wba9T3w0Onr8n3FFChbZSkC26s6CbOeIJaN4H8/edit?gid=1637552653","Artiste & Bloomrs","","","","","","","","","","","","","Bloomrs/Artiste rate sheet; listed rate unverified, confirm before quoting.","sourced"
"ugc","@denisecamillia","Instagram","Denise Camillia Tan","Macro (Artiste)","107K","","","","https://docs.google.com/spreadsheets/d/1pNmd1wba9T3w0Onr8n3FFChbZSkC26s6CbOeIJaN4H8/edit?gid=1637552653","Artiste & Bloomrs","","","","","","","","","","","","","Bloomrs/Artiste rate sheet; listed rate unverified, confirm before quoting.","sourced"
"ugc","@fangrong","Instagram","Fang Rong","Micro (Artiste)","63K","","","","https://docs.google.com/spreadsheets/d/1pNmd1wba9T3w0Onr8n3FFChbZSkC26s6CbOeIJaN4H8/edit?gid=1637552653","Artiste & Bloomrs","","","","","","","","","","","","","Bloomrs/Artiste rate sheet; listed rate unverified, confirm before quoting.","sourced"
"ugc","@kunhua_c","Instagram","Kun Hua","Micro (Artiste)","30K","","","","https://docs.google.com/spreadsheets/d/1pNmd1wba9T3w0Onr8n3FFChbZSkC26s6CbOeIJaN4H8/edit?gid=1637552653","Artiste & Bloomrs","","","","","","","","","","","","","Bloomrs/Artiste rate sheet; listed rate unverified, confirm before quoting.","sourced"
"ugc","@meigui.k","Instagram","Gao Mei Gui","Micro (Artiste)","25.2K","","","","https://docs.google.com/spreadsheets/d/1pNmd1wba9T3w0Onr8n3FFChbZSkC26s6CbOeIJaN4H8/edit?gid=1637552653","Artiste & Bloomrs","","","","","","","","","","","","","Bloomrs/Artiste rate sheet; listed rate unverified, confirm before quoting.","sourced"
"ugc","@jningchan","Instagram","Chen Ning","Micro (Artiste)","42.6K","","","","https://docs.google.com/spreadsheets/d/1pNmd1wba9T3w0Onr8n3FFChbZSkC26s6CbOeIJaN4H8/edit?gid=1637552653","Artiste & Bloomrs","","","","","","","","","","","","","Bloomrs/Artiste rate sheet; listed rate unverified, confirm before quoting.","sourced"
"ugc","@joakimgomez","Instagram","Joakim Gomez","Micro (Artiste)","44K","","","","https://docs.google.com/spreadsheets/d/1pNmd1wba9T3w0Onr8n3FFChbZSkC26s6CbOeIJaN4H8/edit?gid=1637552653","Artiste & Bloomrs","","","","","","","","","","","","","Bloomrs/Artiste rate sheet; listed rate unverified, confirm before quoting.","sourced"
"ugc","@zatayayummy","Instagram","ZATA","Micro","13K","","","","https://docs.google.com/spreadsheets/d/1pNmd1wba9T3w0Onr8n3FFChbZSkC26s6CbOeIJaN4H8/edit?gid=1637552653","Artiste & Bloomrs","","","","","","","","","","","","","Bloomrs/Artiste rate sheet; listed rate unverified, confirm before quoting.","sourced"
"ugc","@jiahuisiau","Instagram","Jia Hui","Micro","25.9K","","","","https://docs.google.com/spreadsheets/d/1pNmd1wba9T3w0Onr8n3FFChbZSkC26s6CbOeIJaN4H8/edit?gid=1637552653","Artiste & Bloomrs","","","","","","","","","","","","","Bloomrs/Artiste rate sheet; listed rate unverified, confirm before quoting.","sourced"
"ugc","@veravivian","Instagram","Vivian Lai","Macro","133K","","","","https://docs.google.com/spreadsheets/d/1pNmd1wba9T3w0Onr8n3FFChbZSkC26s6CbOeIJaN4H8/edit?gid=1637552653","Artiste & Bloomrs","","","","","","","","","","","","","Bloomrs/Artiste rate sheet; listed rate unverified, confirm before quoting.","sourced"
"ugc","@azuragoh","Instagram","Azura Goh","Micro","10.2K","","","","https://docs.google.com/spreadsheets/d/1pNmd1wba9T3w0Onr8n3FFChbZSkC26s6CbOeIJaN4H8/edit?gid=1637552653","Artiste & Bloomrs","","","","","","","","","","","","","Bloomrs/Artiste rate sheet; listed rate unverified, confirm before quoting.","sourced"
"ugc","@mariam_masod","Instagram","Mariam Mas'od","Micro","10.3K","","","","https://docs.google.com/spreadsheets/d/1pNmd1wba9T3w0Onr8n3FFChbZSkC26s6CbOeIJaN4H8/edit?gid=1637552653","Artiste & Bloomrs","","","","","","","","","","","","","Bloomrs/Artiste rate sheet; listed rate unverified, confirm before quoting.","sourced"
"ugc","@hal_eemaa","Instagram","Haleema","Micro","10K","","","","https://docs.google.com/spreadsheets/d/1pNmd1wba9T3w0Onr8n3FFChbZSkC26s6CbOeIJaN4H8/edit?gid=1637552653","Artiste & Bloomrs","","","","","","","","","","","","","Bloomrs/Artiste rate sheet; listed rate unverified, confirm before quoting.","sourced"
"ugc","@yanniruth","Instagram","Yanni","","","","","","https://docs.google.com/spreadsheets/d/1pNmd1wba9T3w0Onr8n3FFChbZSkC26s6CbOeIJaN4H8/edit?gid=1637552653","Artiste & Bloomrs","","","","","","","","","","","","","Bloomrs/Artiste rate sheet; listed rate unverified, confirm before quoting. No follower count given in source.","sourced"
"ugc","@xiang_yun_","Instagram","Paige Xiang Yun","Macro (Artiste)","113K","","","","https://docs.google.com/spreadsheets/d/1pNmd1wba9T3w0Onr8n3FFChbZSkC26s6CbOeIJaN4H8/edit?gid=1637552653","Artiste & Bloomrs","","","","","","","","","","","","","Bloomrs/Artiste rate sheet; listed rate unverified, confirm before quoting.","sourced"
"ugc","@romeotan","Instagram","Romeo Tan","Macro (Artiste)","228K","","","","https://docs.google.com/spreadsheets/d/1pNmd1wba9T3w0Onr8n3FFChbZSkC26s6CbOeIJaN4H8/edit?gid=1637552653","Artiste & Bloomrs","","","","","","","","","","","","","Bloomrs/Artiste rate sheet; listed rate unverified, confirm before quoting.","sourced"
"ugc","@carriewst","Instagram","Carrie Wong 黄思恬","Macro (Artiste)","347K","","","","https://docs.google.com/spreadsheets/d/1pNmd1wba9T3w0Onr8n3FFChbZSkC26s6CbOeIJaN4H8/edit?gid=1637552653","Artiste & Bloomrs","","","","","","","","","","","","","Bloomrs/Artiste rate sheet; listed rate unverified, confirm before quoting.","sourced"
"ugc","@munahbagharib","Instagram","Munah Bagharib","Micro","89.2K","","","","https://docs.google.com/spreadsheets/d/1pNmd1wba9T3w0Onr8n3FFChbZSkC26s6CbOeIJaN4H8/edit?gid=1637552653","Artiste & Bloomrs","","","","","","","","","","","","","Bloomrs/Artiste rate sheet. Handle and name appear in separate parts of the source and matched here on the handle text -- verify.","sourced"
"ugc","@djjaderasif","Instagram","","","","","","","https://docs.google.com/spreadsheets/d/1pNmd1wba9T3w0Onr8n3FFChbZSkC26s6CbOeIJaN4H8/edit?gid=1637552653","Artiste & Bloomrs","","","","","","","","","","","","","Bloomrs/Artiste rate sheet. Handle only -- no display name given in source.","sourced"
"ugc","@hannahalkaff","Instagram","","","","","","","https://docs.google.com/spreadsheets/d/1pNmd1wba9T3w0Onr8n3FFChbZSkC26s6CbOeIJaN4H8/edit?gid=1637552653","Artiste & Bloomrs","","","","","","","","","","","","","Bloomrs/Artiste rate sheet. Handle only -- no display name given in source.","sourced"
"ugc","@aglimpseofrach","Instagram","","","","","","","https://docs.google.com/spreadsheets/d/1pNmd1wba9T3w0Onr8n3FFChbZSkC26s6CbOeIJaN4H8/edit?gid=1637552653","Artiste & Bloomrs","","","","","","","","","","","","","Bloomrs/Artiste rate sheet. Handle only -- no display name given in source.","sourced"
"ugc","@charissahoo","Instagram","","","","","","","https://docs.google.com/spreadsheets/d/1pNmd1wba9T3w0Onr8n3FFChbZSkC26s6CbOeIJaN4H8/edit?gid=1637552653","Artiste & Bloomrs","","","","","","","","","","","","","Bloomrs/Artiste rate sheet. Handle only -- no display name given in source. A 'Charissa Goh' (12.9K followers) appears separately in the source with no handle attached; possibly the same person but not confirmed, so kept separate.","sourced"
"ugc","@melanieweee","Instagram","","","","","","","https://docs.google.com/spreadsheets/d/1pNmd1wba9T3w0Onr8n3FFChbZSkC26s6CbOeIJaN4H8/edit?gid=1637552653","Artiste & Bloomrs","","","","","","","","","","","","","Bloomrs/Artiste rate sheet. Handle only -- no display name given in source.","sourced"
"ugc","@vivivivi.en","Instagram","","","","","","","https://docs.google.com/spreadsheets/d/1pNmd1wba9T3w0Onr8n3FFChbZSkC26s6CbOeIJaN4H8/edit?gid=1637552653","Artiste & Bloomrs","","","","","","","","","","","","","Bloomrs/Artiste rate sheet. Handle only -- no display name given in source.","sourced"
"ugc","@fazura.p","Instagram","","","","","","","https://docs.google.com/spreadsheets/d/1pNmd1wba9T3w0Onr8n3FFChbZSkC26s6CbOeIJaN4H8/edit?gid=1637552653","Artiste & Bloomrs","","","","","","","","","","","","","Bloomrs/Artiste rate sheet. Handle only -- no display name given in source.","sourced"
"ugc","@xaveiryeung","Instagram","","","","","","","https://docs.google.com/spreadsheets/d/1pNmd1wba9T3w0Onr8n3FFChbZSkC26s6CbOeIJaN4H8/edit?gid=1637552653","Artiste & Bloomrs","","","","","","","","","","","","","Bloomrs/Artiste rate sheet. Handle only -- no display name given in source.","sourced"
"ugc","@giisellej","Instagram","","","","","","","https://docs.google.com/spreadsheets/d/1pNmd1wba9T3w0Onr8n3FFChbZSkC26s6CbOeIJaN4H8/edit?gid=1637552653","Artiste & Bloomrs","","","","","","","","","","","","","Bloomrs/Artiste rate sheet. Handle only -- no display name given in source.","sourced"
"ugc","@wordweed","Instagram","","","","","","","https://docs.google.com/spreadsheets/d/1pNmd1wba9T3w0Onr8n3FFChbZSkC26s6CbOeIJaN4H8/edit?gid=1637552653","Artiste & Bloomrs","","","","","","","","","","","","","Bloomrs/Artiste rate sheet. Handle only -- no display name given in source.","sourced"
"ugc","@moochihehe","Instagram","","","","","","","https://docs.google.com/spreadsheets/d/1pNmd1wba9T3w0Onr8n3FFChbZSkC26s6CbOeIJaN4H8/edit?gid=1637552653","Artiste & Bloomrs","","","","","","","","","","","","","Bloomrs/Artiste rate sheet. Handle only -- no display name given in source.","sourced"
"ugc","@trevtham","Instagram","","","","","","","https://docs.google.com/spreadsheets/d/1pNmd1wba9T3w0Onr8n3FFChbZSkC26s6CbOeIJaN4H8/edit?gid=1637552653","Artiste & Bloomrs","","","","","","","","","","","","","Bloomrs/Artiste rate sheet. Handle only -- no display name given in source.","sourced"
